City_ID,City,Country,Lat,Lng,Max Temp,Humidity,Cloudiness,Wind Speed,Current Description
0,Ushuaia,AR,-54.8,-68.3,49.66,66,0,12.66,clear sky
1,Rikitea,PF,-23.1203,-134.9692,79.05,68,4,7.18,clear sky
2,Mataura,NZ,-46.1927,168.8643,59.49,37,10,3.56,clear sky
3,Vakhrushev,RU,48.9833,142.9667,16.61,76,100,6.93,overcast clouds
4,Carnarvon,AU,-24.8667,113.6333,100.47,13,11,14.97,few clouds
5,New Norfolk,AU,-42.7826,147.0587,66.76,54,97,1.01,overcast clouds
6,Toora-Khem,RU,52.4675,96.11,-16.67,100,96,2.01,overcast clouds
7,Mogadishu,SO,2.0371,45.3438,75.61,86,88,18.37,overcast clouds
8,Paez,CO,5.1011,-73.0512,67.06,82,90,2.48,overcast clouds
9,Tasiilaq,GL,65.6145,-37.6368,24.96,69,100,42.73,overcast clouds
10,San Cristobal,VE,7.7669,-72.225,71.78,90,57,1.86,broken clouds
11,Colomi,BO,-17.35,-65.8667,52.07,91,100,1.61,overcast clouds
12,Puerto Ayora,EC,-0.7393,-90.3518,75.54,92,75,4.0,broken clouds
13,Albany,US,42.6001,-73.9662,17.64,85,100,1.01,overcast clouds
14,Mahebourg,MU,-20.4081,57.7,79.25,94,75,14.97,broken clouds
15,Nanticoke,US,41.2054,-76.0049,26.46,87,100,5.28,overcast clouds
16,Qaanaaq,GL,77.484,-69.3632,1.17,70,100,6.51,overcast clouds
17,Aksarka,RU,66.5606,67.7975,-1.52,100,85,2.1,overcast clouds
18,Mount Gambier,AU,-37.8333,140.7667,73.31,46,40,12.66,scattered clouds
19,Busselton,AU,-33.65,115.3333,85.95,30,14,6.62,few clouds
20,Oxelosund,SE,58.6706,17.1015,35.53,95,75,3.0,broken clouds
21,Pevek,RU,69.7008,170.3133,-24.09,100,100,5.21,overcast clouds
22,Porto Belo,BR,-27.1578,-48.5531,78.78,90,100,8.1,overcast clouds
23,Saint-Philippe,RE,-21.3585,55.7679,81.99,89,100,25.64,moderate rain
24,Sisimiut,GL,66.9395,-53.6735,4.33,89,100,19.22,light snow
25,Tiksi,RU,71.6872,128.8694,-22.13,98,72,7.34,broken clouds
26,Bethel,US,41.3712,-73.414,31.5,84,100,8.05,overcast clouds
27,Narsaq,GL,60.9167,-46.05,-0.89,53,0,16.4,clear sky
28,Atuona,PF,-9.8,-139.0333,78.37,77,25,15.9,scattered clouds
29,Ilembo,TZ,-9.25,33.3833,54.14,96,100,5.57,light rain
30,Chokurdakh,RU,70.6333,147.9167,-30.32,100,14,1.57,few clouds
31,Barrow,US,71.2906,-156.7887,-20.18,69,100,10.36,overcast clouds
32,Lebu,CL,-37.6167,-73.65,57.97,86,75,18.07,broken clouds
33,Cap Malheureux,MU,-19.9842,57.6142,79.47,82,99,10.0,overcast clouds
34,Chancay,PE,-11.5714,-77.2672,71.47,85,99,6.55,overcast clouds
35,Hobart,AU,-42.8794,147.3294,67.12,78,75,8.05,broken clouds
36,Tokonou,GN,9.65,-9.7833,68.27,19,1,2.37,clear sky
37,Gat,IL,31.61,34.7642,56.08,100,83,11.79,broken clouds
38,Bredasdorp,ZA,-34.5322,20.0403,63.72,68,61,6.91,broken clouds
39,Nome,US,64.5011,-165.4064,5.16,61,0,8.05,clear sky
40,Camalu,MX,30.85,-116.0667,61.43,47,3,3.31,clear sky
41,Zhezkazgan,KZ,47.8043,67.7144,1.38,78,0,17.9,clear sky
42,Nanlong,CN,31.3533,106.0631,47.86,61,100,7.94,overcast clouds
43,San Patricio,US,28.017,-97.5169,43.84,68,6,15.17,clear sky
44,Watsa,CD,3.0372,29.5355,69.96,43,99,2.06,overcast clouds
45,Jamestown,US,42.097,-79.2353,18.72,66,100,1.01,overcast clouds
46,Severo-Kurilsk,RU,50.6789,156.125,31.28,87,92,8.84,light snow
47,Kodiak,US,57.79,-152.4072,38.71,81,100,3.44,overcast clouds
48,Hobyo,SO,5.3505,48.5268,74.57,71,19,14.23,few clouds
49,Vaini,TO,-21.2,-175.2,78.96,94,100,17.27,overcast clouds
50,Clyde River,CA,70.4692,-68.5914,-10.97,77,40,16.11,light snow
51,Georgetown,MY,5.4112,100.3354,80.89,88,20,1.01,few clouds
52,Pangnirtung,CA,66.1451,-65.7125,-18.4,69,40,2.3,scattered clouds
53,Lambarene,GA,-0.7001,10.2406,74.12,96,75,2.53,broken clouds
54,Ziro,IN,27.6333,93.8333,32.27,99,100,1.63,snow
55,Mattru,SL,7.6244,-11.8332,70.97,97,12,1.34,few clouds
56,Ilulissat,GL,69.2167,-51.1,12.22,62,75,16.11,light shower snow
57,Leningradskiy,RU,69.3833,178.4167,-16.17,93,62,8.12,broken clouds
58,Saint-Joseph,RE,-21.3667,55.6167,80.98,85,100,22.66,light rain
59,Anadyr,RU,64.75,177.4833,10.9,52,0,6.71,clear sky
60,Cape Town,ZA,-33.9258,18.4232,65.88,67,0,5.01,clear sky
61,Axim,GH,4.8699,-2.2405,78.22,84,0,5.61,clear sky
62,Beringovskiy,RU,63.05,179.3167,-7.24,86,54,12.19,broken clouds
63,Punta Arenas,CL,-53.15,-70.9167,50.11,66,0,2.3,clear sky
64,Puerto Baquerizo Moreno,EC,-0.9,-89.6,75.07,84,79,7.29,broken clouds
65,Port Hardy,CA,50.6996,-127.4199,44.78,87,100,5.75,light rain
66,Raga,SS,8.4596,25.678,69.46,18,79,8.37,broken clouds
67,Faanui,PF,-16.4833,-151.75,80.73,75,41,14.47,light rain
68,Kapaa,US,22.0752,-159.319,79.12,72,40,1.99,light rain
69,Mtama,TZ,-10.3,39.3667,72.82,95,100,5.37,overcast clouds
70,Gao,ML,16.6362,1.637,58.21,15,0,11.81,clear sky
71,Manggar,ID,-2.8833,108.2667,81.68,75,100,4.76,overcast clouds
72,Mackenzie,CA,55.2999,-123.1698,35.82,87,100,11.5,overcast clouds
73,Hilo,US,19.7297,-155.09,78.53,79,100,9.22,overcast clouds
74,Presidencia Roque Saenz Pena,AR,-26.7852,-60.4388,72.18,97,100,3.96,overcast clouds
75,Haines Junction,CA,60.7522,-137.5108,-2.25,78,100,1.14,overcast clouds
76,Yellowknife,CA,62.456,-114.3525,-26.72,80,75,6.91,broken clouds
77,San Matias,BO,-16.3667,-58.4,74.41,90,73,5.01,broken clouds
78,Dwarka,IN,22.2394,68.9678,68.85,58,5,9.78,clear sky
79,Olafsvik,IS,64.8945,-23.7142,27.25,67,100,22.17,overcast clouds
80,Mar Del Plata,AR,-38.0023,-57.5575,69.1,81,100,3.0,moderate rain
81,Yulara,AU,-25.2406,130.9889,78.64,27,0,8.05,clear sky
82,Changde,CN,29.0464,111.6783,43.54,61,6,5.68,clear sky
83,Manaus,BR,-3.1019,-60.025,75.69,100,75,1.14,moderate rain
84,Sept-Iles,CA,50.2001,-66.3821,0.05,65,100,5.01,overcast clouds
85,Asau,RO,46.4333,26.4,22.12,74,42,5.99,scattered clouds
86,Lorengau,PG,-2.0226,147.2712,85.05,63,96,8.52,overcast clouds
87,East London,ZA,-33.0153,27.9116,68.38,89,100,7.65,light rain
88,Tiarei,PF,-17.5333,-149.3333,86.02,74,26,13.91,light rain
89,Quatre Cocos,MU,-20.2078,57.7625,79.09,86,98,18.5,moderate rain
90,Lompoc,US,34.6391,-120.4579,62.28,60,0,11.5,clear sky
91,Cayenne,GF,4.9333,-52.3333,78.1,90,75,7.0,mist
92,Norman Wells,CA,65.282,-126.8329,-7.56,64,75,21.85,broken clouds
93,Butaritari,KI,3.0707,172.7902,82.62,77,47,18.12,scattered clouds
94,Ancud,CL,-41.8697,-73.8203,56.43,90,8,3.0,clear sky
95,Vila Velha,BR,-20.3297,-40.2925,73.35,96,75,1.01,mist
96,Avarua,CK,-21.2078,-159.775,80.65,83,20,8.05,few clouds
97,Calhoun,US,42.2506,-85.0005,17.42,56,100,0.0,overcast clouds
98,Iisalmi,FI,63.5592,27.1907,19.42,93,100,13.91,light snow
99,Dingle,PH,10.9995,122.6711,79.32,77,87,16.82,overcast clouds
100,Snezhnogorsk,RU,69.1933,33.2531,11.98,84,100,21.97,overcast clouds
101,Jasper,US,37.2001,-94.3502,22.91,63,0,8.05,clear sky
102,Japura,ID,-0.3167,102.35,78.6,86,100,1.21,overcast clouds
103,Fortuna,US,40.5982,-124.1573,51.48,90,0,10.36,clear sky
104,La Primavera,CO,5.4906,-70.4092,85.5,45,91,6.62,overcast clouds
105,Tura,IN,25.5198,90.2201,54.64,93,27,1.79,scattered clouds
106,Antalaha,MG,-14.9003,50.2788,76.35,79,100,4.79,overcast clouds
107,Black River,JM,18.0264,-77.8487,78.8,82,19,3.69,few clouds
108,Caramay,PH,10.1815,119.236,79.74,84,88,13.94,overcast clouds
109,Espanola,US,35.9911,-106.0806,28.08,80,2,1.01,clear sky
110,Opole,PL,50.5,18.0,42.4,76,100,15.48,overcast clouds
111,Keti Bandar,PK,24.1447,67.4497,67.86,56,1,6.69,clear sky
112,Kawanoe,JP,34.0167,133.5667,42.87,53,99,24.18,overcast clouds
113,Arraial Do Cabo,BR,-22.9661,-42.0278,75.97,86,100,21.81,overcast clouds
114,Hermanus,ZA,-34.4187,19.2345,63.81,70,1,18.03,clear sky
115,Hudson Bay,CA,52.85,-102.3842,-5.67,99,100,5.79,light snow
116,Pitimbu,BR,-7.4706,-34.8086,81.19,72,5,9.55,clear sky
117,Spirit River,CA,55.7833,-118.8361,12.72,99,98,4.05,overcast clouds
118,Simbahan,PH,6.3032,120.5836,81.12,76,67,15.08,broken clouds
119,Lima,PE,-12.0432,-77.0282,70.05,78,0,1.01,clear sky
120,Khovu-Aksy,RU,51.1333,93.6,-12.35,90,24,4.92,few clouds
121,Requena,ES,39.4883,-1.1004,48.13,55,100,1.77,overcast clouds
122,Dumai,ID,1.6833,101.45,78.15,91,99,5.32,overcast clouds
123,Oyama,JP,36.3,139.8,48.52,23,19,5.3,few clouds
124,Toropets,RU,56.4978,31.6353,5.94,99,100,7.18,overcast clouds
125,Saskylakh,RU,71.9167,114.0833,-9.0,99,99,5.28,overcast clouds
126,Iqaluit,CA,63.7506,-68.5145,-16.87,52,75,5.75,broken clouds
127,Sao Filipe,CV,14.8961,-24.4956,73.08,73,0,9.26,clear sky
128,Te Anau,NZ,-45.4167,167.7167,63.09,40,5,4.81,clear sky
129,Rabaul,PG,-4.1967,152.1721,84.74,65,18,13.82,few clouds
130,Ocean City,US,39.2776,-74.5746,36.99,91,100,7.0,light snow
131,Chuy,UY,-33.6971,-53.4616,69.04,94,0,4.76,clear sky
132,Hay River,CA,60.8156,-115.7999,-16.62,76,75,8.05,broken clouds
133,Constitucion,CL,-35.3333,-72.4167,58.6,88,2,12.21,clear sky
134,Limbang,MY,4.75,115.0,84.51,68,100,2.28,overcast clouds
135,Gornyy,RU,55.1153,83.9059,6.8,84,99,11.01,overcast clouds
136,Salinas,US,36.6777,-121.6555,64.49,45,0,11.5,clear sky
137,Hasaki,JP,35.7333,140.8333,43.29,38,6,18.07,clear sky
138,General Roca,AR,-39.0333,-67.5833,64.8,64,61,17.4,light rain
139,Spruce Grove,CA,53.5334,-113.9187,35.65,79,75,8.05,broken clouds
140,Jatai,BR,-17.8814,-51.7144,71.17,89,98,4.03,overcast clouds
141,Khatanga,RU,71.9667,102.5,-35.9,100,87,2.66,overcast clouds
142,Lewiston,US,44.1003,-70.2148,18.84,91,100,12.66,snow
143,Ribeira Grande,PT,38.5167,-28.7,59.02,81,27,14.43,scattered clouds
144,Alta Floresta,BR,-9.8756,-56.0861,72.81,94,53,3.47,broken clouds
145,Tuktoyaktuk,CA,69.4541,-133.0374,-23.8,76,20,16.11,few clouds
146,Gazli,UZ,40.1333,63.45,43.21,37,98,16.31,overcast clouds
147,Udachnyy,RU,66.4167,112.4,-34.71,100,70,3.6,broken clouds
148,Nola,IT,40.922,14.5329,56.93,78,88,2.66,overcast clouds
149,Namibe,AO,-15.1961,12.1522,70.79,70,16,6.55,few clouds
150,Sao Joao Da Barra,BR,-21.6403,-41.0511,76.23,85,98,21.61,overcast clouds
151,Aginskoye,RU,51.1,114.53,3.83,83,30,12.86,scattered clouds
152,Bukama,CD,-9.2,25.85,64.15,99,100,0.81,overcast clouds
153,Bengkulu,ID,-3.8004,102.2655,74.84,90,100,3.42,overcast clouds
154,Bambous Virieux,MU,-20.3428,57.7575,79.21,94,75,14.97,moderate rain
155,Port Lincoln,AU,-34.7333,135.8667,71.98,63,6,11.23,clear sky
156,Coihaique,CL,-45.5752,-72.0662,60.75,59,0,3.44,clear sky
157,Provideniya,RU,64.3833,-173.3,2.71,63,2,9.22,clear sky
158,Longyearbyen,SJ,78.2186,15.6401,15.64,57,40,25.32,scattered clouds
159,Dikson,RU,73.5069,80.5464,-1.34,93,100,5.73,overcast clouds
160,Chapais,CA,49.7834,-74.8492,-11.42,95,100,3.71,overcast clouds
161,Los Llanos De Aridane,ES,28.6585,-17.9182,60.55,80,0,7.0,clear sky
162,Talnakh,RU,69.4865,88.3972,-6.95,97,91,4.97,overcast clouds
163,Yar-Sale,RU,66.8333,70.8333,1.67,99,94,5.61,overcast clouds
164,Olinda,BR,-8.0089,-34.8553,82.13,65,40,6.91,scattered clouds
165,Jati,PK,24.3539,68.2671,61.05,57,0,4.9,clear sky
166,Bilma,NE,18.6853,12.9164,56.12,24,2,4.68,clear sky
167,Sitka,US,57.0531,-135.33,42.69,87,100,8.05,mist
168,Nikolskoye,RU,59.7035,30.7861,19.29,88,99,11.95,overcast clouds
169,Bafoulabe,ML,13.8065,-10.8321,76.14,11,0,5.79,clear sky
170,Castro,BR,-24.7911,-50.0119,64.72,98,64,3.78,broken clouds
171,Palauig,PH,15.435,119.9045,82.4,60,96,1.12,overcast clouds
172,Ucluelet,CA,48.9329,-125.5528,45.95,94,98,5.99,overcast clouds
173,Lazaro Cardenas,MX,17.9583,-102.2,73.4,76,16,2.17,few clouds
174,Bosaso,SO,11.2842,49.1816,72.01,51,0,4.59,clear sky
175,Zhigalovo,RU,54.8097,105.1578,8.55,96,100,2.68,overcast clouds
176,Wewak,PG,-3.5534,143.6268,86.41,67,99,13.22,overcast clouds
177,Sozimskiy,RU,59.7418,52.2482,12.02,93,100,7.61,overcast clouds
178,Morros,BR,-9.4467,-46.3003,75.94,58,100,1.59,overcast clouds
179,Roros,NO,62.5747,11.3842,22.84,68,100,3.44,overcast clouds
180,College,US,64.8569,-147.8028,6.8,64,75,3.44,light shower snow
181,Talara,PE,-4.5772,-81.2719,71.73,84,31,13.27,scattered clouds
182,Weyburn,CA,49.6668,-103.8511,1.62,78,99,21.85,overcast clouds
183,Kushima,JP,31.4583,131.2333,44.64,54,21,13.51,few clouds
184,Smolenka,RU,52.1352,113.4974,-0.33,78,45,6.71,scattered clouds
185,Manacapuru,BR,-3.2997,-60.6206,73.98,94,100,1.36,light rain
186,Palana,RU,59.1167,159.9667,15.93,71,98,11.65,overcast clouds
187,Kivioli,EE,59.3531,26.9711,20.25,92,100,18.1,light snow
188,Rocha,UY,-34.4833,-54.3333,66.07,96,21,3.78,few clouds
189,Moose Factory,CA,51.2585,-80.6094,-9.42,64,75,4.61,broken clouds
190,Zemio,CF,5.0314,25.1361,69.66,31,100,1.92,overcast clouds
191,Salalah,OM,17.0151,54.0924,69.89,68,40,0.0,scattered clouds
192,Atar,MR,20.5169,-13.0499,69.13,12,30,5.41,scattered clouds
193,Demyansk,RU,57.643,32.466,9.57,93,51,8.7,broken clouds
194,Saint George,US,37.1041,-113.5841,48.79,21,0,8.05,clear sky
195,Gorontalo,ID,0.5412,123.0595,89.19,56,98,1.43,overcast clouds
196,Oulu,FI,65.0124,25.4682,23.22,93,100,5.01,light snow
197,Ugoofaaru,MV,5.6667,73.0,81.16,67,40,11.01,scattered clouds
198,Ponta Do Sol,PT,32.6667,-17.1,63.12,57,92,3.76,overcast clouds
199,Xining,CN,36.6167,101.7667,14.11,88,100,2.55,light snow
200,Mezen,RU,65.8522,44.24,-7.87,100,100,5.97,overcast clouds
201,Isangel,VU,-19.55,169.2667,77.11,88,100,6.91,overcast clouds
202,Borba,BR,-4.3878,-59.5939,73.51,99,100,2.42,light rain
203,Gambo,CF,4.6482,22.2633,67.95,47,89,3.02,overcast clouds
204,Beloha,MG,-25.1667,45.05,74.12,87,34,14.54,scattered clouds
205,Sainte-Suzanne,RE,-20.9061,55.6089,80.82,83,100,18.41,moderate rain
206,Acajutla,SV,13.5928,-89.8275,79.81,77,36,7.61,scattered clouds
207,Kozulka,UA,50.0351,23.797,35.89,85,100,10.04,overcast clouds
208,Kozhva,RU,65.1073,57.0459,1.98,98,100,3.62,overcast clouds
209,Celestun,MX,20.8667,-90.4,74.55,88,2,16.49,clear sky
210,Airai,TL,-8.9266,125.4092,71.62,69,100,2.1,overcast clouds
211,Sorkjosen,NO,69.8,20.9333,15.82,81,25,14.76,scattered clouds
212,Saint-Francois,FR,46.4154,3.9054,42.24,88,100,12.66,overcast clouds
213,Kavieng,PG,-2.5744,150.7967,83.88,69,100,5.82,overcast clouds
214,Pathein,MM,16.7833,94.7333,77.92,62,98,1.57,overcast clouds
215,Vicuna,CL,-30.0319,-70.7081,70.77,55,0,1.01,clear sky
216,Thompson,CA,55.7435,-97.8558,-16.44,69,0,5.75,clear sky
217,Jeremie,HT,18.65,-74.1167,76.33,74,1,4.74,clear sky
218,Atikokan,CA,48.7555,-91.6216,-15.7,100,74,2.64,broken clouds
219,Miguel Auza,MX,24.2933,-103.4503,39.16,55,0,13.49,clear sky
220,Smirnykh,RU,49.75,142.8333,13.03,77,100,9.62,overcast clouds
221,Kindia,GN,10.0569,-12.8658,66.31,39,0,2.35,clear sky
222,Tonj,SS,7.2737,28.6822,75.38,19,74,8.03,broken clouds
223,Alice Springs,AU,-23.7,133.8833,74.75,41,0,6.91,clear sky
224,Slavyansk-Na-Kubani,RU,45.2519,38.1181,31.24,93,100,11.16,light snow
225,Garoua,CM,9.3,13.4,68.25,17,50,0.49,scattered clouds
226,Rosetta,EG,31.4044,30.4164,53.42,58,74,20.92,broken clouds
227,Bluff,NZ,-46.6,168.3333,59.81,56,60,5.53,broken clouds
228,Walvis Bay,NA,-22.9575,14.5053,66.09,88,95,5.75,overcast clouds
229,Mayo,US,38.8876,-76.5119,38.19,84,100,8.99,light snow
230,Hithadhoo,MV,-0.6,73.0833,81.66,73,99,11.43,overcast clouds
231,Mana,GF,5.6592,-53.7767,76.75,86,100,7.96,overcast clouds
232,Geraldton,AU,-28.7667,114.6,103.12,8,0,19.57,clear sky
233,Puerto Madryn,AR,-42.7692,-65.0385,59.54,67,97,20.62,light rain
234,Belgrade,RS,44.804,20.4651,33.46,86,46,4.61,scattered clouds
235,Fort Nelson,CA,58.8053,-122.7002,-9.81,77,100,2.3,light snow
236,Mahanoro,MG,-19.9,48.8,75.25,96,100,25.84,heavy intensity rain
237,Naze,JP,28.3667,129.4833,54.52,66,97,16.15,overcast clouds
238,Rawson,AR,-43.3002,-65.1023,59.59,57,86,19.06,overcast clouds
239,Upernavik,GL,72.7868,-56.1549,2.25,97,100,10.54,overcast clouds
240,Balabac,PH,7.9868,117.0645,80.65,82,100,21.74,heavy intensity rain
241,Pajan,EC,-1.5667,-80.4167,71.91,95,44,3.96,light rain
242,Juneau,US,58.3019,-134.4197,37.85,97,100,3.44,mist
243,Port Keats,AU,-14.25,129.55,85.8,65,55,5.64,broken clouds
244,Thinadhoo,MV,0.5333,72.9333,81.72,73,100,12.3,overcast clouds
245,Litovko,RU,49.2361,135.1742,1.27,89,100,2.8,overcast clouds
246,Yatou,CN,37.15,122.3833,29.1,41,76,17.09,light snow
247,Bonthe,SL,7.5264,-12.505,75.43,85,9,3.27,clear sky
248,Srednekolymsk,RU,67.45,153.6833,-27.83,100,100,0.34,overcast clouds
249,Guerrero Negro,MX,27.9769,-114.0611,61.3,33,0,3.71,clear sky
250,Margate,GB,51.3813,1.3862,39.96,80,0,4.0,clear sky
251,Tual,ID,-5.6667,132.75,83.75,78,100,17.56,overcast clouds
252,Brae,GB,60.3964,-1.353,39.11,67,100,25.93,overcast clouds
253,Santa Maria,BR,-29.6842,-53.8069,76.3,94,40,6.91,scattered clouds
254,Kaitangata,NZ,-46.2817,169.8464,58.32,52,17,8.12,few clouds
255,Cidreira,BR,-30.1811,-50.2056,73.0,91,17,4.16,few clouds
256,Merauke,ID,-8.4667,140.3333,85.64,70,63,14.97,broken clouds
257,Ecija,ES,37.5422,-5.0826,51.58,69,100,1.81,light rain
258,Tazovskiy,RU,67.4667,78.7,6.89,96,100,6.73,overcast clouds
259,Nantucket,US,41.2835,-70.0995,37.51,93,100,17.27,mist
260,Moerai,PF,-22.4333,-151.3333,79.05,74,28,15.88,scattered clouds
261,Adrar,MR,20.5022,-10.0711,63.66,12,0,9.22,clear sky
262,Deputatskiy,RU,69.3,139.9,-27.35,99,69,2.53,broken clouds
263,Victoria,HK,22.2855,114.1577,60.24,78,100,1.01,overcast clouds
264,Kloulklubed,PW,7.0419,134.2556,81.1,78,8,18.81,clear sky
265,Omsukchan,RU,62.5333,155.8,-11.85,80,7,8.12,clear sky
266,Phan Thiet,VN,10.9333,108.1,82.71,56,93,13.71,overcast clouds
267,Wuchi,CN,29.3786,103.023,29.64,87,100,2.86,light snow
268,Hersbruck,DE,49.5125,11.4339,37.49,92,98,12.19,overcast clouds
269,Tripoli,LY,32.8752,13.1875,57.56,46,68,13.35,broken clouds
270,Eyl,SO,7.9803,49.8164,68.83,74,11,9.57,few clouds
271,Hohr-Grenzhausen,DE,50.4333,7.6667,37.81,89,51,9.55,broken clouds
272,Kruisfontein,ZA,-34.0033,24.7314,65.88,80,46,3.62,scattered clouds
273,Umm Kaddadah,SD,13.6017,26.6876,57.94,27,1,18.59,clear sky
274,Tautira,PF,-17.7333,-149.15,86.02,75,26,14.0,light rain
275,Chabua,IN,27.4825,95.1736,57.15,94,100,3.44,overcast clouds
276,Chililabombwe,ZM,-12.3648,27.8229,60.76,97,100,2.08,overcast clouds
277,Arica,CL,-18.475,-70.3042,66.43,77,0,1.14,clear sky
278,Mandera,KE,3.9366,41.867,73.96,25,44,4.76,scattered clouds
279,Krasnoselkup,RU,65.7,82.4667,16.07,96,100,5.57,light snow
280,Chanderi,IN,24.7167,78.1333,49.77,46,0,2.3,clear sky
281,Homer,US,59.6425,-151.5483,33.69,75,20,4.61,few clouds
282,Praia,CV,14.9215,-23.5087,70.34,78,0,13.8,clear sky
283,Saldanha,ZA,-33.0117,17.9442,59.05,74,0,10.33,clear sky
284,Kindu,CD,-2.95,25.95,68.18,99,100,3.15,overcast clouds
285,Port Alfred,ZA,-33.5906,26.891,68.86,81,94,8.63,light rain
286,Jaisalmer,IN,26.9147,70.9181,59.23,22,0,8.16,clear sky
287,Half Moon Bay,US,37.4636,-122.4286,61.29,59,0,0.0,haze
288,Sechura,PE,-5.5569,-80.8222,71.64,80,38,12.71,scattered clouds
289,Awjilah,LY,29.1081,21.2869,49.82,74,0,7.47,clear sky
290,Portland,US,45.5234,-122.6762,50.2,86,100,1.01,overcast clouds
291,Meulaboh,ID,4.1363,96.1285,77.88,82,99,3.67,moderate rain
292,Uberaba,BR,-19.7483,-47.9319,79.38,69,40,2.3,scattered clouds
293,Fort-Shevchenko,KZ,44.5086,50.263,36.07,96,99,22.93,overcast clouds
294,Harper,LR,4.375,-7.7169,78.66,83,73,5.12,light rain
295,Caravelas,BR,-17.7125,-39.2481,75.79,91,100,6.55,overcast clouds
296,Meadow Lake,US,34.8014,-106.5436,29.48,68,0,3.27,clear sky
297,Codrington,AU,-38.2667,141.9667,71.87,51,97,16.08,overcast clouds
298,Souillac,MU,-20.5167,57.5167,79.36,94,75,14.97,light rain
299,Bereda,ES,43.2686,-7.5406,46.0,100,100,5.03,overcast clouds
300,Laguna,US,38.421,-121.4238,62.89,41,0,3.44,clear sky
301,Mwense,ZM,-10.3845,28.698,61.7,99,100,2.86,overcast clouds
302,Komsomolskiy,UZ,40.4272,71.7189,31.42,68,100,4.61,overcast clouds
303,Dongning,CN,44.0622,131.1207,7.86,69,47,15.55,scattered clouds
304,Vakhsh,TJ,37.7149,68.8346,34.02,60,0,4.47,clear sky
305,Junction City,US,39.0286,-96.8314,28.71,68,0,0.0,clear sky
306,Videira,BR,-27.0083,-51.1517,66.33,99,100,1.77,overcast clouds
307,San Anselmo,US,37.9747,-122.5616,61.36,61,0,1.01,clear sky
308,Bud,US,39.447,-86.1758,19.45,88,81,5.53,broken clouds
309,Marsabit,KE,2.3284,37.9899,69.49,48,49,3.56,scattered clouds
310,Fairbanks,US,64.8378,-147.7164,8.1,65,100,3.44,light shower snow
311,Arlit,NE,18.7369,7.3853,56.3,23,0,7.49,clear sky
312,Druzhba,UA,52.0428,33.9453,8.64,98,100,3.0,overcast clouds
313,Ajdabiya,LY,30.7554,20.2263,52.05,74,0,4.99,clear sky
314,Vila Franca Do Campo,PT,37.7167,-25.4333,59.2,78,100,9.15,overcast clouds
315,Beroroha,MG,-21.6667,45.1667,74.64,73,100,4.54,overcast clouds
316,Port Macquarie,AU,-31.4333,152.9167,75.88,60,98,14.85,overcast clouds
317,Ambilobe,MG,-13.2,49.05,75.42,92,100,10.65,light rain
318,Aldan,RU,58.6031,125.3894,-4.36,94,100,2.73,overcast clouds
319,Ust-Tsilma,RU,65.441,52.1498,-15.84,100,85,1.95,overcast clouds
320,Ballina,AU,-28.8667,153.5667,76.96,57,40,20.71,scattered clouds
321,Agnibilekrou,CI,7.1344,-3.2047,65.86,47,4,2.1,clear sky
322,Poco Verde,BR,-10.7083,-38.1833,72.9,85,29,5.44,scattered clouds
323,Hofn,IS,64.2539,-15.2082,25.81,64,100,13.98,overcast clouds
324,Storm Lake,US,42.6411,-95.2097,8.35,56,0,6.91,clear sky
325,Alexandria,EG,31.2156,29.9553,54.14,76,40,13.8,scattered clouds
326,Kangaatsiaq,GL,68.3065,-53.4641,4.23,69,100,24.27,overcast clouds
327,Santiago,CL,-33.4569,-70.6483,73.29,44,0,13.8,clear sky
328,Peniche,PT,39.3558,-9.3811,54.63,75,97,12.59,overcast clouds
329,Husavik,IS,66.0449,-17.3389,15.71,93,100,6.33,light snow
330,Jupiter,US,26.9342,-80.0942,74.05,85,0,3.0,clear sky
331,Muros,ES,42.7762,-9.0603,52.23,84,99,14.05,overcast clouds
332,Guanhaes,BR,-18.775,-42.9325,67.46,99,100,4.12,overcast clouds
333,Svetlyy,RU,54.675,20.1347,42.85,93,100,19.64,overcast clouds
334,Kabanjahe,ID,3.1001,98.4908,66.96,80,98,2.21,overcast clouds
335,Aksehir,TR,38.3575,31.4164,12.83,94,49,2.93,scattered clouds
336,Dakar,SN,14.6937,-17.4441,70.68,88,0,4.61,clear sky
337,Upata,VE,8.0086,-62.3989,71.47,73,56,4.63,broken clouds
338,Malartic,CA,48.1335,-78.1328,-3.89,97,100,3.27,overcast clouds
339,Torbay,CA,47.6666,-52.7314,33.76,97,100,10.36,fog
340,Dudinka,RU,69.4058,86.1778,-2.94,97,95,5.93,overcast clouds
341,Itarema,BR,-2.9248,-39.9167,79.05,80,65,10.27,broken clouds
342,Praya,CV,14.9215,-23.5087,70.34,78,0,13.8,clear sky
343,Aksu,CN,41.1231,80.2644,25.59,74,99,5.01,overcast clouds
344,Mwingi,KE,-0.9344,38.0601,65.05,63,100,3.49,overcast clouds
345,Katsuura,JP,35.1333,140.3,44.71,42,96,12.48,overcast clouds
346,La Ronge,CA,55.1001,-105.2842,-9.15,77,100,6.91,overcast clouds
347,Belaya Gora,RU,68.5333,146.4167,-33.02,99,42,1.92,scattered clouds
348,Mungwi,ZM,-10.1732,31.3694,59.38,96,100,2.57,overcast clouds
349,Pisco,PE,-13.7,-76.2167,68.05,77,0,16.11,clear sky
350,Port Elizabeth,ZA,-33.918,25.5701,68.09,82,75,4.61,broken clouds
351,Zagan,PL,51.6176,15.3149,39.61,82,100,15.77,overcast clouds
352,Labuhan,ID,-6.8844,112.2051,83.05,73,35,9.08,scattered clouds
353,Saint-Georges,GD,12.0564,-61.7485,76.68,83,20,5.75,few clouds
354,Diamantino,BR,-14.4086,-56.4461,73.38,90,61,3.0,broken clouds
355,Rovinj,HR,45.08,13.64,49.19,92,99,1.95,overcast clouds
356,Makakilo City,US,21.3469,-158.0858,79.12,60,0,11.5,clear sky
357,Arman,RU,59.7,150.1667,4.44,71,66,12.75,broken clouds
358,Ikungi,TZ,-5.1333,34.7667,58.5,98,100,1.97,overcast clouds
359,Santarem,BR,-2.4431,-54.7083,75.33,100,0,4.61,clear sky
360,Neepawa,CA,50.2289,-99.4664,-7.19,90,100,7.43,overcast clouds
361,Honiara,SB,-9.4333,159.95,86.41,71,100,7.54,overcast clouds
362,Mehamn,NO,71.0357,27.8492,19.65,84,100,30.4,light snow
363,Garmsar,IR,35.2182,52.3409,48.34,52,44,6.73,scattered clouds
364,Yuancheng,CN,36.652,107.7896,21.65,30,100,9.35,overcast clouds
365,Cordoba,AR,-31.4135,-64.1811,64.6,73,0,8.05,clear sky
366,Tete,MZ,-16.1564,33.5867,75.29,100,75,0.0,broken clouds
367,Saint-Louis,SN,16.3333,-15.0,74.21,9,0,8.79,clear sky
368,The Valley,AI,18.217,-63.0578,73.26,79,100,15.21,overcast clouds
369,Nabire,ID,-3.3667,135.4833,85.78,65,100,4.7,overcast clouds
370,Rabo De Peixe,PT,37.8,-25.5833,57.27,85,20,9.22,few clouds
371,Barra Do Garcas,BR,-15.89,-52.2567,74.8,88,91,1.77,overcast clouds
372,Petropavlovsk-Kamchatskiy,RU,53.0452,158.6483,27.19,54,75,13.42,broken clouds
373,Ostrovnoy,RU,68.0531,39.5131,12.63,86,100,21.36,overcast clouds
374,Port Hueneme,US,34.1478,-119.1951,67.12,29,0,11.5,clear sky
375,Lermontovka,RU,47.1453,134.3383,-1.61,90,100,3.27,overcast clouds
376,Missoula,US,47.0166,-113.8009,25.2,83,100,14.5,snow
377,Luzhou,CN,28.8724,105.4405,47.64,80,100,3.44,overcast clouds
378,Bowen,AU,-20.0167,148.2333,84.42,59,94,18.84,overcast clouds
379,Byron Bay,AU,-28.65,153.6167,77.05,63,98,21.09,light rain
380,Ovalle,CL,-30.5983,-71.2003,73.15,46,0,2.62,clear sky
381,Winnemucca,US,40.973,-117.7357,44.65,33,0,5.75,clear sky
382,Mokhsogollokh,RU,61.4681,128.9203,-15.68,93,95,3.15,overcast clouds
383,Dedovichi,RU,57.5517,29.9502,13.51,89,100,13.24,overcast clouds
384,Kupang,ID,-10.1667,123.5833,83.26,76,32,8.57,scattered clouds
385,Carquefou,FR,47.2982,-1.4902,40.78,95,0,2.3,clear sky
386,Sibolga,ID,1.7427,98.7792,77.45,82,100,1.72,overcast clouds
387,Port-Gentil,GA,-0.7193,8.7815,79.43,80,53,8.7,broken clouds
388,Port Hedland,AU,-20.3167,118.5667,93.25,55,75,19.57,broken clouds
389,Guajara,BR,-2.9667,-57.6667,72.95,95,100,2.37,overcast clouds
390,Alta Gracia,AR,-31.6529,-64.4283,62.87,79,0,5.77,clear sky
391,Henties Bay,NA,-22.116,14.2845,65.86,84,100,4.72,overcast clouds
392,Forio,IT,40.7342,13.8646,56.82,84,82,5.01,broken clouds
393,Gazimurskiy Zavod,RU,51.5461,118.3266,-2.43,88,100,3.13,overcast clouds
394,Paragominas,BR,-2.9667,-47.4833,72.34,99,100,1.95,moderate rain
395,Buchanan,LR,5.8808,-10.0467,78.57,85,25,4.79,scattered clouds
396,Nemuro,JP,43.3236,145.575,25.23,67,5,14.76,clear sky
397,Pangody,RU,65.85,74.4859,10.31,96,100,6.33,overcast clouds
398,Malakal,SS,9.5334,31.6605,72.48,16,98,10.69,overcast clouds
399,Kalabo,ZM,-14.97,22.6814,64.72,96,96,4.07,overcast clouds
400,Mweka,CD,-4.85,21.5667,66.18,96,61,1.48,broken clouds
401,Silifke,TR,36.3778,33.9344,42.55,59,24,15.59,few clouds
402,Polohy,UA,47.4844,36.2536,20.12,97,85,6.58,overcast clouds
403,Sinnamary,GF,5.3833,-52.95,76.3,88,94,8.55,overcast clouds
404,Kavaratti,IN,10.5669,72.642,77.61,59,88,4.27,overcast clouds
405,Benguela,AO,-12.5763,13.4055,73.94,73,100,4.94,overcast clouds
406,Vanimo,PG,-2.6741,141.3028,85.6,69,60,7.49,broken clouds
407,Sembe,CG,1.6481,14.5806,67.53,61,53,1.59,broken clouds
408,Limon,CR,10.0,-83.0333,76.53,81,9,3.31,clear sky
409,Phetchaburi,TH,12.9667,99.5833,80.29,71,61,4.43,broken clouds
410,Kumbo,CM,6.2,10.6667,58.59,32,40,3.51,scattered clouds
411,Ayagoz,KZ,47.9714,80.4392,-3.55,87,1,7.45,clear sky
412,Floro,NO,61.5996,5.0328,40.96,52,75,35.68,broken clouds
413,Erenhot,CN,43.6475,111.9767,5.47,84,11,10.27,few clouds
414,Rorvik,NO,64.8621,11.2373,38.48,87,100,38.34,light rain
415,Molango,MX,20.7833,-98.7167,31.86,97,100,3.8,overcast clouds
416,Muli,MV,2.9167,73.5667,81.91,73,10,9.82,clear sky
417,Zaranj,AF,30.9667,61.8833,51.24,27,7,7.02,clear sky
418,Quang Ngai,VN,15.1167,108.8,70.18,93,100,7.94,overcast clouds
419,High Rock,BS,26.6208,-78.2833,69.82,67,0,10.22,clear sky
420,Muriwai Beach,NZ,-36.8167,174.45,78.8,78,82,13.78,broken clouds
421,Naryan-Mar,RU,67.6713,53.087,-15.66,100,100,5.55,overcast clouds
422,Egvekinot,RU,66.3167,-179.1667,-3.19,70,0,11.3,clear sky
423,Lasa,IT,46.6166,10.7002,34.68,89,18,7.0,few clouds
424,Bhum,IN,18.4667,75.6667,61.86,42,100,7.49,overcast clouds
425,Nouadhibou,MR,20.931,-17.0347,64.38,68,1,10.36,clear sky
426,Clayton,US,33.5335,-84.3666,40.78,90,100,14.97,overcast clouds
427,Garowe,SO,8.4054,48.4845,61.18,56,5,7.38,clear sky
428,Monrovia,LR,6.3005,-10.7969,78.42,83,12,3.18,few clouds
429,Necochea,AR,-38.5473,-58.7368,60.04,77,100,15.28,moderate rain
430,Davidson,US,36.1501,-86.7833,29.05,81,100,8.99,overcast clouds
431,Kirakira,SB,-10.4544,161.9205,84.25,75,100,6.15,overcast clouds
432,Nalut,LY,30.3333,10.85,48.79,39,5,8.08,clear sky
433,Mogoytuy,RU,51.2833,114.9167,-0.72,86,22,5.48,few clouds
434,Vao,NC,-22.6667,167.4833,80.28,87,100,11.88,heavy intensity rain
435,Iwanai,JP,42.9744,140.5089,27.16,63,100,8.68,overcast clouds
436,Morro Bay,US,35.3658,-120.8499,61.25,43,0,3.0,clear sky
437,Roald,NO,62.5833,6.1333,39.33,70,75,32.21,broken clouds
438,Oxford,GB,51.7522,-1.256,38.91,90,4,4.61,clear sky
439,Moron,AR,-34.6534,-58.6198,74.95,84,100,3.94,light rain
440,Christchurch,NZ,-43.5333,172.6333,58.03,81,100,1.01,moderate rain
441,Abu Dhabi,AE,24.4667,54.3667,64.96,87,0,5.75,clear sky
442,Great Yarmouth,GB,52.6083,1.7305,38.44,86,5,19.66,clear sky
443,Kachiry,KZ,53.0675,76.1036,4.89,85,26,7.72,scattered clouds
444,Pangoa,PE,-12.1167,-73.0,68.25,99,43,1.43,moderate rain
445,Salinopolis,BR,-0.6136,-47.3561,77.56,88,100,9.17,light rain
446,Montepuez,MZ,-13.1256,38.9997,67.46,98,100,4.88,overcast clouds
447,Pangkalanbuun,ID,-2.6833,111.6167,83.1,74,100,2.51,overcast clouds
448,Mirnyy,RU,62.5353,113.9611,-17.77,75,83,4.0,broken clouds
449,Tabou,CI,4.423,-7.3528,79.29,81,19,5.55,few clouds
450,Hamilton,US,39.1834,-84.5333,22.44,80,100,4.61,overcast clouds
451,Taltal,CL,-25.4,-70.4833,68.65,70,0,5.41,clear sky
452,Shenjiamen,CN,29.9576,122.298,44.38,61,31,13.85,scattered clouds
453,Richards Bay,ZA,-28.783,32.0377,71.2,94,100,14.74,heavy intensity rain
454,Amuntai,ID,-2.4177,115.2494,83.34,76,100,0.18,overcast clouds
455,Nizhniy Kuranakh,RU,58.8353,125.4869,-1.55,93,100,3.47,overcast clouds
456,Jijiang,CN,29.2906,106.2542,49.5,59,100,4.7,overcast clouds
457,Ust-Nera,RU,64.5667,143.2,-13.61,82,74,0.98,broken clouds
458,Khingansk,RU,49.1167,131.1833,-8.61,94,100,4.99,overcast clouds
459,Touros,BR,-5.1989,-35.4608,81.5,73,4,13.2,clear sky
460,Inongo,CD,-1.95,18.2667,73.8,85,100,1.72,overcast clouds
461,Pomabamba,PE,-8.8333,-77.4667,53.4,80,97,2.57,light rain
462,Luwuk,ID,-0.9516,122.7875,86.25,65,98,3.44,overcast clouds
463,Khipro,PK,25.8285,69.3772,57.49,62,0,7.02,clear sky
464,Kokopo,PG,-4.352,152.2633,86.68,56,17,11.86,few clouds
465,Hanzhong,CN,33.0728,107.0303,41.2,69,100,5.64,light rain
466,Praia Da Vitoria,PT,38.7333,-27.0667,57.76,100,75,11.88,broken clouds
467,Tilichiki,RU,60.4667,166.1,-1.64,73,100,9.46,overcast clouds
468,Yeppoon,AU,-23.1333,150.7333,83.98,59,66,19.57,broken clouds
469,Nanortalik,GL,60.1432,-45.2371,11.89,65,94,39.62,overcast clouds
470,Nago,JP,26.5881,127.9761,61.65,56,38,15.82,scattered clouds
471,Medvezhyegorsk,RU,62.9167,34.4667,5.7,98,100,10.0,light snow
472,Mount Isa,AU,-20.7333,139.5,87.57,23,5,9.22,clear sky
473,Assiniboia,CA,49.6334,-105.9845,17.42,73,100,6.91,overcast clouds
474,Bathsheba,BB,13.2167,-59.5167,77.61,69,40,11.5,scattered clouds
475,Carlagan,PH,14.975,122.0456,79.52,72,95,18.16,overcast clouds
476,Qasigiannguit,GL,68.8193,-51.1922,12.45,91,100,5.7,overcast clouds
477,Sanmenxia,CN,34.7747,111.1814,35.1,40,99,3.18,overcast clouds
478,Orono,US,44.8831,-68.672,18.1,90,100,13.8,light snow
479,Toamasina,MG,-18.1667,49.3833,82.4,69,75,13.8,broken clouds
480,Lavrentiya,RU,65.5833,-171.0,-8.81,82,1,8.86,clear sky
481,Ixtapa,MX,20.7,-105.2,65.84,86,8,1.68,clear sky
482,Lagoa,PT,39.05,-27.9833,57.78,83,74,19.6,broken clouds
483,Kyra,RU,49.5776,111.9753,4.01,79,57,4.9,broken clouds
484,Kieta,PG,-6.2167,155.6333,86.38,71,100,12.19,light rain
485,Kahului,US,20.8947,-156.47,83.46,69,40,17.27,scattered clouds
486,Abyek,IR,36.0667,50.55,37.0,81,100,5.68,overcast clouds
487,Royan,FR,45.6285,-1.0281,42.84,84,69,9.31,broken clouds
488,Cascais,PT,38.6979,-9.4215,53.06,72,100,1.01,overcast clouds
489,Tromso,NO,69.6496,18.957,21.22,68,20,19.57,few clouds
490,Okha,RU,53.5739,142.9478,2.98,92,100,20.78,overcast clouds
491,Omboue,GA,-1.5746,9.2618,77.0,84,88,5.88,overcast clouds
492,Acarau,BR,-2.8856,-40.12,78.73,82,40,10.89,scattered clouds
493,Makarov,RU,48.6333,142.8,15.46,77,100,7.27,overcast clouds
494,Bantry,IE,51.6833,-9.45,47.79,79,80,11.43,broken clouds
495,Pacifica,US,37.6138,-122.4869,60.53,64,20,1.99,haze
496,Pierre,US,44.3683,-100.351,14.86,43,75,3.0,broken clouds
497,San Lorenzo,PY,-25.3333,-57.5333,76.59,94,100,7.0,overcast clouds
498,Zaozerne,UA,45.1582,33.2787,31.95,70,99,3.38,overcast clouds
499,Sabang,ID,5.8933,95.3214,82.06,74,85,17.52,overcast clouds
500,Brigham City,US,41.5102,-112.0155,31.01,61,0,3.44,clear sky
501,Aitape,PG,-3.1374,142.3475,84.85,71,61,8.28,broken clouds
502,Port Moresby,PG,-9.4431,147.1797,87.22,62,40,5.75,scattered clouds
503,Tecpan,GT,14.7623,-90.9947,58.32,92,6,5.91,clear sky
504,Nawada,IN,24.8833,85.5333,55.69,92,53,3.98,broken clouds
505,Sapouy,BF,11.5544,-1.7736,65.91,17,3,7.72,clear sky
506,Zhireken,RU,52.8249,117.3076,-1.5,83,100,2.68,overcast clouds
507,Northam,GB,51.0333,-4.2167,45.61,74,8,12.24,clear sky
508,Buta,CD,2.7858,24.73,74.8,53,100,2.1,overcast clouds
509,Wilmington,US,34.2257,-77.9447,64.98,89,100,9.22,moderate rain
510,Ngunguru,NZ,-35.6167,174.5,77.16,82,58,15.32,broken clouds
511,Esperance,AU,-33.8667,121.9,82.24,47,3,9.15,clear sky
512,Kigorobya,UG,1.6162,31.3089,71.42,49,100,1.07,overcast clouds
513,Cabo San Lucas,MX,22.8909,-109.9124,68.31,63,0,4.61,clear sky
514,Villa Carlos Paz,AR,-31.4241,-64.4978,60.24,38,0,5.46,clear sky
515,Asfi,MA,32.2994,-9.2372,62.15,56,76,13.31,broken clouds
516,Kosh-Agach,RU,50.0,88.6667,-25.73,95,91,2.86,overcast clouds
517,Sobolevo,RU,54.4299,31.8996,-1.08,100,100,6.44,overcast clouds
518,Pimentel,PE,-6.8367,-79.9342,70.38,82,37,12.71,scattered clouds
519,Colotlan,MX,22.1,-103.2667,58.64,57,68,0.43,broken clouds
520,Flinders,AU,-34.5833,150.8552,76.05,58,64,8.99,light rain
521,Harrison,US,30.4091,-89.0436,37.47,89,100,14.97,overcast clouds
522,Almaznyy,RU,48.0448,40.045,26.74,91,98,11.12,light snow
523,Pangai,TO,-19.8,-174.35,80.1,81,100,23.29,light rain
524,Rundu,NA,-17.9333,19.7667,65.62,94,95,3.76,light rain
525,Broome,US,42.2506,-75.833,17.71,81,100,1.99,overcast clouds
526,Nishihara,JP,26.1842,127.7558,60.85,57,40,14.97,scattered clouds
527,Maridi,SS,4.9158,29.4742,71.8,28,100,4.83,overcast clouds
528,Wanning,CN,18.8003,110.3967,65.5,83,100,10.98,overcast clouds
529,Cockburn Town,TC,21.4612,-71.1419,75.16,64,40,11.5,scattered clouds
530,Pilar Do Sul,BR,-23.8131,-47.7164,68.65,97,100,4.07,overcast clouds
531,Amot,NO,59.5714,7.9877,14.5,83,34,8.9,scattered clouds
532,Saint Anthony,US,45.0205,-93.218,4.84,70,0,1.01,clear sky
533,Maningrida,AU,-12.0667,134.2667,87.76,61,70,8.72,broken clouds
534,Nhulunbuy,AU,-12.2333,136.7667,86.61,66,100,12.66,light rain
535,Verkhniy Rohachyk,UA,47.2505,34.338,23.38,80,8,7.38,clear sky
536,Santa Cruz De La Palma,ES,28.6835,-17.7642,62.74,67,0,4.61,clear sky
537,Aswan,EG,24.0934,32.907,49.3,53,0,6.91,clear sky
538,Batticaloa,LK,7.7102,81.6924,74.79,78,95,3.4,overcast clouds
539,Letlhakeng,BW,-24.0944,25.0298,68.09,83,97,13.62,overcast clouds
540,George Town,MY,5.4112,100.3354,82.33,87,20,1.01,few clouds
541,Voykove,UA,45.3826,36.4372,31.86,67,97,16.69,overcast clouds
542,Nova Olimpia,BR,-14.7972,-57.2881,74.01,89,100,3.49,overcast clouds
543,Fare,PF,-16.7,-151.0167,80.47,75,68,13.8,light rain
544,Kut Chap,TH,17.4257,102.5669,71.64,71,94,7.2,overcast clouds
545,Zhanakorgan,KZ,43.9098,67.2495,27.23,75,100,5.3,overcast clouds
546,Porto Novo,BJ,6.4965,2.6036,82.22,88,0,3.94,clear sky
547,Namatanai,PG,-3.6667,152.4333,85.5,66,80,9.04,broken clouds
548,Nova Borova,UA,50.693,28.6345,24.08,97,100,8.03,overcast clouds
549,Bhikangaon,IN,21.8667,75.95,58.8,32,7,3.8,clear sky
550,Mandalgovi,MN,45.7625,106.2708,5.72,69,0,8.7,clear sky
551,Nakhon Thai,TH,17.1006,100.8374,80.38,55,43,5.39,scattered clouds
552,Timbauba,BR,-7.5053,-35.3183,79.88,82,7,3.98,clear sky
553,Gajraula,IN,28.85,78.2333,46.44,91,0,2.35,clear sky
554,Padang,ID,-0.9492,100.3543,75.25,79,83,2.08,broken clouds
555,Tondi,IN,9.7333,79.0167,79.09,71,90,2.95,overcast clouds
556,Lata,PT,40.1629,-8.3327,47.05,96,80,1.7,broken clouds
557,Victoria Point,AU,-27.5833,153.3,80.91,62,77,11.01,broken clouds
558,Paamiut,GL,61.994,-49.6678,6.37,90,100,7.49,light snow
559,Taoudenni,ML,22.6783,-3.9836,64.4,14,20,9.93,few clouds
560,Cherskiy,RU,68.75,161.3,-29.61,96,10,4.25,clear sky
561,Gorele,TR,41.0308,39.0031,35.04,92,100,12.75,light snow
562,Kudahuvadhoo,MV,2.6708,72.8944,81.55,74,6,9.42,clear sky
563,Gouyave,GD,12.1646,-61.7296,75.97,83,20,5.75,few clouds
564,Do Gonbadan,IR,30.3586,50.7981,51.89,87,100,0.0,overcast clouds
565,Gazojak,TM,41.1875,61.4036,43.9,41,98,16.62,overcast clouds
566,Hami,CN,42.8,93.45,23.79,35,100,1.81,overcast clouds
567,Miramar,US,25.9873,-80.2323,75.22,82,0,3.44,clear sky
568,Qaqortoq,GL,60.7167,-46.0333,3.61,52,6,22.15,clear sky
569,Port Blair,IN,11.6667,92.75,80.64,83,20,4.61,mist
570,Takoradi,GH,4.8845,-1.7554,79.3,81,48,5.08,light rain
571,Sur,OM,22.5667,59.5289,68.74,51,12,8.55,few clouds
572,Wawina,HN,15.4167,-84.4333,71.4,92,14,3.11,few clouds
573,Kindberg,AT,47.5,15.45,37.27,98,94,2.06,overcast clouds
574,Prince Rupert,CA,54.3161,-130.3201,42.89,93,100,14.97,mist
575,Jiwani,PK,25.05,61.7417,70.14,59,0,12.62,clear sky
576,Abalak,RU,58.1286,68.5944,17.42,96,100,4.43,overcast clouds
577,Turukhansk,RU,65.8167,87.9833,12.6,94,100,13.27,light snow
578,Maragogi,BR,-9.0122,-35.2225,78.31,77,7,7.52,clear sky
579,Zhigansk,RU,66.7697,123.3711,-28.88,99,99,5.23,overcast clouds
580,Tangwani,PK,28.2787,68.9972,49.93,41,0,11.63,clear sky
581,Narimanov,RU,46.6927,47.8498,33.71,88,100,15.82,overcast clouds
582,Kurumkan,RU,54.3,110.3,-2.43,97,91,2.13,overcast clouds
583,Talcahuano,CL,-36.7167,-73.1167,64.08,63,0,19.57,clear sky
584,Sioux Lookout,CA,50.1001,-91.917,-3.62,83,0,2.3,clear sky
585,Santa Luzia,BR,-19.7697,-43.8514,74.3,92,0,5.75,clear sky
586,Kavos,GR,38.8268,22.8322,42.21,62,0,2.98,clear sky
587,Samana,DO,19.2056,-69.3369,71.64,82,30,8.21,scattered clouds
588,Jiuquan,CN,39.7432,98.5174,15.71,37,100,3.71,overcast clouds
589,Rovenki,UA,48.0833,39.3776,19.76,92,93,8.95,overcast clouds
590,Preobrazheniye,RU,42.9019,133.9064,12.07,46,5,8.95,clear sky
591,Oksfjord,NO,70.2396,22.3479,18.52,91,53,13.87,broken clouds
592,Valparaiso,CL,-33.0393,-71.6273,62.24,88,0,5.75,clear sky
593,Bairnsdale,AU,-37.8333,147.6167,71.71,72,38,3.0,scattered clouds
594,Vanavara,RU,60.34,102.2797,7.14,94,100,5.97,overcast clouds
595,Ponce,PR,18.073,-66.6185,72.36,84,12,5.32,few clouds
596,Veraval,IN,20.9,70.3667,63.75,64,43,2.28,scattered clouds
597,Cabral,DO,18.25,-71.2167,74.79,75,63,5.12,broken clouds
598,Barcelos,PT,41.5388,-8.6151,50.29,91,98,4.47,overcast clouds
599,Launceston,AU,-41.45,147.1667,74.61,45,100,3.0,overcast clouds
600,Clearwater,US,27.9659,-82.8001,72.41,83,0,4.0,clear sky
601,Buraydah,SA,26.326,43.975,54.05,36,0,10.22,clear sky
602,Livingstonia,MW,-10.606,34.1063,63.72,74,100,3.98,overcast clouds
603,Vaitape,PF,-16.5167,-151.75,80.76,75,43,14.47,light rain
604,Fagersta,SE,60.0042,15.7932,33.69,87,98,8.55,overcast clouds
605,Mililani Town,US,21.45,-158.0011,78.46,62,20,6.91,few clouds
606,Bafia,CM,4.75,11.2333,65.5,47,7,1.14,clear sky
607,Baykit,RU,61.67,96.37,8.62,98,100,2.06,overcast clouds
608,Kungurtug,RU,50.5994,97.5228,-13.88,96,37,1.19,scattered clouds
609,Haapiti,PF,-17.5667,-149.8667,85.73,74,69,14.23,light rain
610,Poronaysk,RU,49.2167,143.1167,17.15,76,100,12.88,overcast clouds
611,Den Helder,NL,52.9599,4.7593,42.98,75,75,24.0,broken clouds
612,Palu,ID,-0.8917,119.8707,87.71,58,99,1.19,overcast clouds
613,Carauari,BR,-4.8828,-66.8958,72.37,98,58,0.81,broken clouds
614,Parkes,AU,-33.1333,148.1833,78.35,35,7,1.01,clear sky
615,Aklavik,CA,68.2191,-135.0107,-21.28,91,6,17.49,clear sky
616,Junagadh,IN,21.5167,70.4667,57.07,69,8,1.92,clear sky
617,Sisophon,KH,13.5859,102.9737,76.17,60,14,9.31,few clouds
618,Kandrian,PG,-6.2167,149.55,89.58,60,79,15.35,broken clouds
619,Georgiyevskoye,RU,58.731,45.024,2.91,96,53,6.55,broken clouds
620,Kristiinankaupunki,FI,62.2743,21.376,32.36,98,100,10.13,light snow
621,Comodoro Rivadavia,AR,-45.8667,-67.5,53.46,76,0,4.61,clear sky
622,Myaundzha,RU,63.0494,147.1858,-9.31,75,16,3.6,few clouds
623,Tucuman,AR,-26.8241,-65.2226,66.2,100,100,4.61,mist
624,Golden Gate,US,26.1879,-81.6951,72.01,58,1,5.5,clear sky
625,Rio Gallegos,AR,-51.6226,-69.2181,50.05,71,0,18.41,clear sky
626,Hongjiang,CN,27.11,109.9956,45.39,67,9,2.82,clear sky
627,Kabelvag,NO,68.2114,14.4817,27.54,82,92,17.02,overcast clouds
628,Merta,IN,26.65,74.0333,50.95,37,0,6.62,clear sky
629,Bismarck,US,46.8083,-100.7837,12.87,72,100,8.99,overcast clouds
630,Lake Charles,US,30.2131,-93.2044,37.38,77,100,16.11,overcast clouds
631,Mhlume,SZ,-26.0333,31.85,70.86,96,85,7.16,overcast clouds
632,Port Augusta,AU,-32.5,137.7667,87.71,19,7,8.08,clear sky
633,Samarinda,ID,-0.5,117.15,86.25,62,99,2.84,overcast clouds
634,Chitral,PK,35.8462,71.7858,25.34,33,0,8.21,clear sky
635,Korla,CN,41.7597,86.1469,25.05,46,100,5.75,overcast clouds
636,Huancabamba,PE,-5.2386,-79.4506,59.43,94,99,1.95,overcast clouds
637,Strezhevoy,RU,60.7333,77.5889,24.78,96,100,8.48,overcast clouds
638,Scoarta,RO,45.0167,23.45,30.74,60,6,0.31,clear sky
639,Dhidhdhoo,MV,6.8833,73.1,81.07,65,67,11.05,broken clouds
640,Kiruna,SE,67.8557,20.2251,5.92,92,100,4.61,overcast clouds
641,Mbanza-Ngungu,CD,-5.25,14.8667,66.31,96,51,3.33,light rain
642,Svetlogorsk,BY,52.6333,29.7333,11.25,96,95,7.99,overcast clouds
643,Finca Corredor,PA,8.35,-82.85,80.58,82,37,3.87,scattered clouds
644,Neftcala,AZ,39.3742,49.2472,46.02,82,100,4.23,overcast clouds
645,Maldonado,UY,-34.6667,-54.9167,67.39,95,35,2.06,scattered clouds
646,Sakakah,SA,29.9697,40.2064,45.97,69,2,11.59,clear sky
647,Boa Vista,BR,2.8197,-60.6733,84.18,58,75,10.36,broken clouds
648,Nyzhni Sirohozy,UA,46.8484,34.3804,24.24,76,7,6.6,clear sky
649,Jasdan,IN,22.0333,71.2,56.48,61,2,4.83,clear sky
650,Waingapu,ID,-9.6567,120.2641,85.86,67,35,13.89,scattered clouds
651,Chipinge,ZW,-20.1883,32.6236,63.48,93,94,3.22,light rain
652,Ampanihy,MG,-24.7,44.75,71.13,92,1,8.46,clear sky
653,Digby,CA,44.6169,-65.7655,31.15,93,100,22.08,snow
654,Karaman,TR,37.0833,33.25,19.36,93,62,8.05,broken clouds
655,Palmeira,BR,-25.4294,-50.0064,68.63,99,98,4.29,overcast clouds
656,Vikesa,NO,58.6376,6.0913,39.97,76,94,15.99,overcast clouds
657,Salihorsk,BY,52.7876,27.5415,23.14,96,100,11.05,overcast clouds
658,Broken Hill,AU,-31.95,141.4333,78.51,31,40,19.57,scattered clouds
659,Soma,TR,39.1855,27.6094,32.99,75,1,2.04,clear sky
660,Wonthaggi,AU,-38.6044,145.5913,78.06,50,5,12.37,clear sky
661,Adeje,ES,28.1227,-16.726,64.94,50,0,3.0,clear sky
662,Ruidoso,US,33.3317,-105.673,23.14,61,0,4.61,clear sky
663,Amapa,BR,1.0,-52.0,71.13,99,75,1.59,broken clouds
664,Sayyan,YE,15.1718,44.3244,52.32,82,74,3.62,broken clouds
665,Klaksvik,FO,62.2266,-6.589,36.52,54,96,23.87,overcast clouds
666,Ishigaki,JP,24.3448,124.1572,60.93,72,75,14.97,broken clouds
667,Iracoubo,GF,5.4802,-53.2011,76.37,88,100,8.39,overcast clouds
668,Goderich,CA,43.7501,-81.7165,13.91,79,100,4.61,overcast clouds
669,Honningsvag,NO,70.9821,25.9704,20.75,79,99,29.8,overcast clouds
670,Riviere-Au-Renard,CA,48.9957,-64.3971,10.4,82,100,11.79,overcast clouds
671,Klyuchi,RU,52.2667,79.1667,2.46,83,7,8.55,clear sky
672,Ozernovskiy,RU,51.5,156.5167,30.49,73,90,2.51,overcast clouds
673,Windhoek,NA,-22.5594,17.0832,65.1,77,58,0.0,broken clouds
674,Luanda,AO,-8.8368,13.2343,75.51,81,100,5.82,overcast clouds
675,Riyadh,SA,24.6877,46.7219,68.14,36,13,19.73,few clouds
676,Usinsk,RU,65.9939,57.5281,-4.63,100,97,4.92,overcast clouds
677,Luang Prabang,LA,19.8856,102.1347,69.76,73,100,4.61,overcast clouds
678,Paveh,IR,35.0434,46.3565,35.8,98,98,4.97,overcast clouds
679,Karratha,AU,-20.7377,116.8463,93.47,50,39,17.11,scattered clouds
680,Hambantota,LK,6.1241,81.1185,71.94,100,20,3.44,few clouds
681,Polovinnoye,RU,54.7914,65.9864,20.68,81,100,10.49,overcast clouds
682,Agboville,CI,5.928,-4.2132,73.02,95,0,1.39,clear sky
